gid,Season Type,Neutral,Date,Away Team,Away Team Long,Home Team,Home Team Long,Away Score,Home Score,Goalie Team,Goalie Team Long,playerId,playerName,toi,gsaX,proj_gsaX
2024020001,2,True,2024-10-04,NJD,New Jersey Devils,BUF,Buffalo Sabres,4,1,BUF,Buffalo Sabres,8480045,Ukko-Pekka Luukkonen,59:05:00,-1.177,-1.2440426
2024020001,2,True,2024-10-04,NJD,New Jersey Devils,BUF,Buffalo Sabres,4,1,NJD,New Jersey Devils,8474593,Jacob Markstrom,59:38:00,2.493,2.1096034
2024020002,2,True,2024-10-05,BUF,Buffalo Sabres,NJD,New Jersey Devils,1,3,NJD,New Jersey Devils,8474596,Jake Allen,60:00:00,1.039,0.7809382
2024020002,2,True,2024-10-05,BUF,Buffalo Sabres,NJD,New Jersey Devils,1,3,BUF,Buffalo Sabres,8482221,Devon Levi,56:46:00,0.656,0.4309528
2024020003,2,False,2024-10-08,STL,St. Louis Blues,SEA,Seattle Kraken,3,2,SEA,Seattle Kraken,8475831,Philipp Grubauer,58:18,-0.446,-0.5760548
2024020003,2,False,2024-10-08,STL,St. Louis Blues,SEA,Seattle Kraken,3,2,STL,St. Louis Blues,8476412,Jordan Binnington,60:0,1.673,1.3602874
2024020004,2,False,2024-10-08,BOS,Boston Bruins,FLA,Florida Panthers,4,6,FLA,Florida Panthers,8475683,Sergei Bobrovsky,60:0,0.483,0.2728654
2024020004,2,False,2024-10-08,BOS,Boston Bruins,FLA,Florida Panthers,4,6,BOS,Boston Bruins,8476914,Joonas Korpisalo,58:11,-0.631,-0.7451078
2024020005,2,False,2024-10-08,CHI,Chicago Blackhawks,UTA,Arizona Coyotes,2,5,UTA,Arizona Coyotes,8478971,Connor Ingram,60:0,0.878,0.6338164
2024020005,2,False,2024-10-08,CHI,Chicago Blackhawks,UTA,Arizona Coyotes,2,5,CHI,Chicago Blackhawks,8475852,Petr Mrazek,58:42,-0.949,-1.0356962
2024020006,2,False,2024-10-09,TOR,Toronto Maple Leafs,MTL,Montréal Canadiens,0,1,MTL,Montréal Canadiens,8478470,Sam Montembeault,60:0,4.995,4.395931
2024020006,2,False,2024-10-09,TOR,Toronto Maple Leafs,MTL,Montréal Canadiens,0,1,TOR,Toronto Maple Leafs,8476932,Anthony Stolarz,57:14,1.905,1.572289
2024020007,2,False,2024-10-09,NYR,New York Rangers,PIT,Pittsburgh Penguins,6,0,PIT,Pittsburgh Penguins,8477465,Tristan Jarry,60:0,0.57,0.352366
2024020007,2,False,2024-10-09,NYR,New York Rangers,PIT,Pittsburgh Penguins,6,0,NYR,New York Rangers,8478048,Igor Shesterkin,60:0,3.265,2.815057
2024020008,2,False,2024-10-09,WPG,Winnipeg Jets,EDM,Edmonton Oilers,6,0,EDM,Edmonton Oilers,8475717,Calvin Pickard,28:52,0.008,-0.1611896
2024020008,2,False,2024-10-09,WPG,Winnipeg Jets,EDM,Edmonton Oilers,6,0,EDM,Edmonton Oilers,8479973,Stuart Skinner,31:8,-3.517,-3.3823346
2024020008,2,False,2024-10-09,WPG,Winnipeg Jets,EDM,Edmonton Oilers,6,0,WPG,Winnipeg Jets,8476945,Connor Hellebuyck,60:0,2.822,2.4102436
2024020009,2,False,2024-10-09,CGY,Calgary Flames,VAN,Vancouver Canucks,6,5,VAN,Vancouver Canucks,8481668,Arturs Silovs,60:37,-3.912,-3.7432856
2024020009,2,False,2024-10-09,CGY,Calgary Flames,VAN,Vancouver Canucks,6,5,CGY,Calgary Flames,8478435,Dan Vladar,61:33,-2.345,-2.311361
2024020010,2,False,2024-10-09,COL,Colorado Avalanche,VGK,Vegas Golden Knights,4,8,VGK,Vegas Golden Knights,8478499,Adin Hill,60:0,-0.242,-0.3896396
2024020010,2,False,2024-10-09,COL,Colorado Avalanche,VGK,Vegas Golden Knights,4,8,COL,Colorado Avalanche,8480382,Alexandar Georgiev,40:0,-3.446,-3.3174548
2024020010,2,False,2024-10-09,COL,Colorado Avalanche,VGK,Vegas Golden Knights,4,8,COL,Colorado Avalanche,8481020,Justus Annunen,15:16,-1.507,-1.5455966
2024020011,2,False,2024-10-10,MTL,Montréal Canadiens,BOS,Boston Bruins,4,6,BOS,Boston Bruins,8480280,Jeremy Swayman,60:00:00,-0.928,-1.0165064
2024020011,2,False,2024-10-10,MTL,Montréal Canadiens,BOS,Boston Bruins,4,6,MTL,Montréal Canadiens,8480051,Cayden Primeau,57:11:00,-2.78,-2.708864
2024020012,2,False,2024-10-10,LAK,Los Angeles Kings,BUF,Buffalo Sabres,3,1,BUF,Buffalo Sabres,8480045,Ukko-Pekka Luukkonen,58:17:00,-0.174,-0.3275012
2024020012,2,False,2024-10-10,LAK,Los Angeles Kings,BUF,Buffalo Sabres,3,1,LAK,Los Angeles Kings,8475311,Darcy Kuemper,59:36:00,3.218,2.7721084
2024020013,2,False,2024-10-10,FLA,Florida Panthers,OTT,Ottawa Senators,1,3,OTT,Ottawa Senators,8476999,Linus Ullmark,60:00:00,1.495,1.197631
2024020013,2,False,2024-10-10,FLA,Florida Panthers,OTT,Ottawa Senators,1,3,FLA,Florida Panthers,8475683,Sergei Bobrovsky,58:34:00,0.045,-0.127379
2024020015,2,False,2024-10-10,TOR,Toronto Maple Leafs,NJD,New Jersey Devils,4,2,NJD,New Jersey Devils,8474593,Jacob Markstrom,58:06:00,-2.18,-2.160584
2024020015,2,False,2024-10-10,TOR,Toronto Maple Leafs,NJD,New Jersey Devils,4,2,TOR,Toronto Maple Leafs,8483710,Dennis Hildeby,59:29:00,0.433,0.2271754
2024020016,2,False,2024-10-10,UTA,Arizona Coyotes,NYI,New York Islanders,5,4,NYI,New York Islanders,8473575,Semyon Varlamov,62:18:00,-1.131,-1.2020078
2024020016,2,False,2024-10-10,UTA,Arizona Coyotes,NYI,New York Islanders,5,4,UTA,Arizona Coyotes,8478971,Connor Ingram,62:18:00,-1.388,-1.4368544
2024020014,2,False,2024-10-10,PIT,Pittsburgh Penguins,DET,Detroit Red Wings,6,3,DET,Detroit Red Wings,8478024,Ville Husso,25:28:00,-2.762,-2.6924156
2024020014,2,False,2024-10-10,PIT,Pittsburgh Penguins,DET,Detroit Red Wings,6,3,DET,Detroit Red Wings,8475660,Cam Talbot,34:32:00,-0.021,-0.1876898
2024020014,2,False,2024-10-10,PIT,Pittsburgh Penguins,DET,Detroit Red Wings,6,3,PIT,Pittsburgh Penguins,8482446,Joel Blomqvist,59:46:00,0.346,0.1476748
2024020017,2,False,2024-10-10,DAL,Dallas Stars,NSH,Nashville Predators,4,3,NSH,Nashville Predators,8475809,Scott Wedgewood,57:04:00,-1.862,-1.8699956
2024020017,2,False,2024-10-10,DAL,Dallas Stars,NSH,Nashville Predators,4,3,DAL,Dallas Stars,8479979,Jake Oettinger,59:19:00,0.691,0.4629358
2024020018,2,False,2024-10-10,CBJ,Columbus Blue Jackets,MIN,Minnesota Wild,2,3,MIN,Minnesota Wild,8479406,Filip Gustavsson,60:00:00,0.841,0.6000058
2024020018,2,False,2024-10-10,CBJ,Columbus Blue Jackets,MIN,Minnesota Wild,2,3,CBJ,Columbus Blue Jackets,8478007,Elvis Merzlikins,58:38:00,-0.697,-0.8054186
2024020019,2,False,2024-10-10,STL,St. Louis Blues,SJS,San Jose Sharks,5,4,SJS,San Jose Sharks,8478406,Mackenzie Blackwood,60:45:00,-1.133,-1.2038354
2024020019,2,False,2024-10-10,STL,St. Louis Blues,SJS,San Jose Sharks,5,4,STL,St. Louis Blues,8480981,Joel Hofer,59:02:00,-1.863,-1.8709094
2024020020,2,False,2024-10-11,TBL,Tampa Bay Lightning,CAR,Carolina Hurricanes,4,1,CAR,Carolina Hurricanes,8475883,Frederik Andersen,58:08:00,0.643,0.4190734
2024020020,2,False,2024-10-11,TBL,Tampa Bay Lightning,CAR,Carolina Hurricanes,4,1,TBL,Tampa Bay Lightning,8476883,Andrei Vasilevskiy,60:00:00,2.518,2.1324484
2024020021,2,False,2024-10-11,CHI,Chicago Blackhawks,WPG,Winnipeg Jets,1,2,WPG,Winnipeg Jets,8476945,Connor Hellebuyck,60:04:00,0.886,0.6411268
2024020021,2,False,2024-10-11,CHI,Chicago Blackhawks,WPG,Winnipeg Jets,1,2,CHI,Chicago Blackhawks,8482821,Arvid Soderblom,60:38:00,1.089,0.8266282
2024020022,2,False,2024-10-11,PHI,Philadelphia Flyers,VAN,Vancouver Canucks,3,2,VAN,Vancouver Canucks,8480947,Kevin Lankinen,65:00:00,0.233,0.0444154
2024020022,2,False,2024-10-11,PHI,Philadelphia Flyers,VAN,Vancouver Canucks,3,2,PHI,Philadelphia Flyers,8481035,Samuel Ersson,65:00:00,0.959,0.7078342
2024020023,2,False,2024-10-11,STL,St. Louis Blues,VGK,Vegas Golden Knights,3,4,VGK,Vegas Golden Knights,8478499,Adin Hill,60:00:00,-0.685,-0.794453
2024020023,2,False,2024-10-11,STL,St. Louis Blues,VGK,Vegas Golden Knights,3,4,STL,St. Louis Blues,8476412,Jordan Binnington,59:22:00,-0.693,-0.8017634
2024020024,2,False,2024-10-12,LAK,Los Angeles Kings,BOS,Boston Bruins,1,2,BOS,Boston Bruins,8480280,Jeremy Swayman,62:42:00,1.483,1.1866654
2024020024,2,False,2024-10-12,LAK,Los Angeles Kings,BOS,Boston Bruins,1,2,LAK,Los Angeles Kings,8475311,Darcy Kuemper,63:07:00,-0.574,-0.6930212
2024020025,2,False,2024-10-12,FLA,Florida Panthers,BUF,Buffalo Sabres,2,5,BUF,Buffalo Sabres,8482221,Devon Levi,60:00:00,-0.014,-0.1812932
2024020025,2,False,2024-10-12,FLA,Florida Panthers,BUF,Buffalo Sabres,2,5,FLA,Florida Panthers,8481519,Spencer Knight,58:09:00,-0.606,-0.7222628
2024020026,2,False,2024-10-12,PIT,Pittsburgh Penguins,TOR,Toronto Maple Leafs,2,4,TOR,Toronto Maple Leafs,8476932,Anthony Stolarz,59:33:00,-0.221,-0.3704498
2024020026,2,False,2024-10-12,PIT,Pittsburgh Penguins,TOR,Toronto Maple Leafs,2,4,PIT,Pittsburgh Penguins,8482446,Joel Blomqvist,58:51:00,-1.014,-1.0950932
2024020027,2,False,2024-10-12,OTT,Ottawa Senators,MTL,Montréal Canadiens,1,4,MTL,Montréal Canadiens,8478470,Sam Montembeault,60:00:00,1.578,1.2734764
2024020027,2,False,2024-10-12,OTT,Ottawa Senators,MTL,Montréal Canadiens,1,4,OTT,Ottawa Senators,8476999,Linus Ullmark,56:21:00,-1.258,-1.3180604
2024020028,2,False,2024-10-12,NSH,Nashville Predators,DET,Detroit Red Wings,0,3,DET,Detroit Red Wings,8475660,Cam Talbot,60:00:00,3.89,3.386182
2024020028,2,False,2024-10-12,NSH,Nashville Predators,DET,Detroit Red Wings,0,3,NSH,Nashville Predators,8477424,Juuse Saros,57:21:00,0.622,0.3998836
2024020030,2,False,2024-10-12,UTA,Arizona Coyotes,NYR,New York Rangers,6,5,NYR,New York Rangers,8478048,Igor Shesterkin,64:02:00,-2.502,-2.4548276
2024020030,2,False,2024-10-12,UTA,Arizona Coyotes,NYR,New York Rangers,6,5,UTA,Arizona Coyotes,8478971,Connor Ingram,64:05:00,-1.316,-1.3710608
2024020031,2,False,2024-10-12,NJD,New Jersey Devils,WSH,Washington Capitals,5,3,WSH,Washington Capitals,8479292,Charlie Lindgren,57:40:00,-1.849,-1.8581162
2024020031,2,False,2024-10-12,NJD,New Jersey Devils,WSH,Washington Capitals,5,3,NJD,New Jersey Devils,8474593,Jacob Markstrom,59:31:00,-0.811,-0.9095918
2024020032,2,False,2024-10-12,NYI,New York Islanders,DAL,Dallas Stars,0,3,DAL,Dallas Stars,8479979,Jake Oettinger,60:00:00,3.084,2.6496592
2024020032,2,False,2024-10-12,NYI,New York Islanders,DAL,Dallas Stars,0,3,NYI,New York Islanders,8473575,Semyon Varlamov,57:03:00,-0.161,-0.3156218
2024020033,2,False,2024-10-12,SEA,Seattle Kraken,MIN,Minnesota Wild,5,4,MIN,Minnesota Wild,8470594,Marc-Andre Fleury,64:34:00,-1.062,-1.1389556
2024020033,2,False,2024-10-12,SEA,Seattle Kraken,MIN,Minnesota Wild,5,4,SEA,Seattle Kraken,8478916,Joey Daccord,64:45:00,-1.157,-1.2257666
2024020034,2,False,2024-10-12,CBJ,Columbus Blue Jackets,COL,Colorado Avalanche,6,4,COL,Colorado Avalanche,8480382,Alexandar Georgiev,21:56,-2.222,-2.1989636
2024020034,2,False,2024-10-12,CBJ,Columbus Blue Jackets,COL,Colorado Avalanche,6,4,COL,Colorado Avalanche,8481020,Justus Annunen,35:53:00,-1.078,-1.1535764
2024020034,2,False,2024-10-12,CBJ,Columbus Blue Jackets,COL,Colorado Avalanche,6,4,CBJ,Columbus Blue Jackets,8480193,Daniil Tarasov,60:00:00,0.027,-0.1438274
2024020035,2,False,2024-10-12,PHI,Philadelphia Flyers,CGY,Calgary Flames,3,6,CGY,Calgary Flames,8481692,Dustin Wolf,59:03:00,-0.112,-0.2708456
2024020035,2,False,2024-10-12,PHI,Philadelphia Flyers,CGY,Calgary Flames,3,6,PHI,Philadelphia Flyers,8478905,Ivan Fedotov,58:36:00,-1.405,-1.452389
2024020036,2,False,2024-10-12,CHI,Chicago Blackhawks,EDM,Edmonton Oilers,5,2,EDM,Edmonton Oilers,8475717,Calvin Pickard,57:32:00,-2.765,-2.695157
2024020036,2,False,2024-10-12,CHI,Chicago Blackhawks,EDM,Edmonton Oilers,5,2,CHI,Chicago Blackhawks,8475852,Petr Mrazek,60:00:00,2.067,1.7203246
2024020037,2,False,2024-10-12,ANA,Anaheim Ducks,SJS,San Jose Sharks,2,0,SJS,San Jose Sharks,8477970,Vitek Vanecek,57:59:00,0.749,0.5159362
2024020037,2,False,2024-10-12,ANA,Anaheim Ducks,SJS,San Jose Sharks,2,0,ANA,Anaheim Ducks,8480843,Lukas Dostal,59:50:00,3.726,3.2363188
2024020038,2,False,2024-10-13,MIN,Minnesota Wild,WPG,Winnipeg Jets,1,2,WPG,Winnipeg Jets,8476945,Connor Hellebuyck,60:50:00,0.881,0.6365578
2024020038,2,False,2024-10-13,MIN,Minnesota Wild,WPG,Winnipeg Jets,1,2,MIN,Minnesota Wild,8479406,Filip Gustavsson,60:51:00,0.559,0.3423142
2024020039,2,False,2024-10-13,SEA,Seattle Kraken,DAL,Dallas Stars,0,2,DAL,Dallas Stars,8479193,Casey DeSmith,59:39:00,2.241,1.8793258
2024020039,2,False,2024-10-13,SEA,Seattle Kraken,DAL,Dallas Stars,0,2,SEA,Seattle Kraken,8475831,Philipp Grubauer,57:40:00,0.765,0.530557
2024020040,2,False,2024-10-13,CGY,Calgary Flames,EDM,Edmonton Oilers,4,1,EDM,Edmonton Oilers,8479973,Stuart Skinner,57:49:00,-0.157,-0.3119666
2024020040,2,False,2024-10-13,CGY,Calgary Flames,EDM,Edmonton Oilers,4,1,CGY,Calgary Flames,8478435,Dan Vladar,60:00:00,1.495,1.197631
2024020041,2,False,2024-10-13,ANA,Anaheim Ducks,VGK,Vegas Golden Knights,1,3,VGK,Vegas Golden Knights,8478492,Ilya Samsonov,60:00:00,2.15,1.79617
2024020041,2,False,2024-10-13,ANA,Anaheim Ducks,VGK,Vegas Golden Knights,1,3,ANA,Anaheim Ducks,8473503,James Reimer,60:00:00,1.944,1.6079272
2024020042,2,False,2024-10-14,FLA,Florida Panthers,BOS,Boston Bruins,4,3,BOS,Boston Bruins,8480280,Jeremy Swayman,58:19:00,-0.954,-1.0402652
2024020042,2,False,2024-10-14,FLA,Florida Panthers,BOS,Boston Bruins,4,3,FLA,Florida Panthers,8475683,Sergei Bobrovsky,60:00:00,-1.363,-1.4140094
2024020043,2,False,2024-10-14,LAK,Los Angeles Kings,OTT,Ottawa Senators,7,8,OTT,Ottawa Senators,8476341,Anton Forsberg,26:15:00,-1.489,-1.5291482
2024020043,2,False,2024-10-14,LAK,Los Angeles Kings,OTT,Ottawa Senators,7,8,OTT,Ottawa Senators,8481544,Mads Sogaard,34:29:00,-1.998,-1.9942724
2024020043,2,False,2024-10-14,LAK,Los Angeles Kings,OTT,Ottawa Senators,7,8,LAK,Los Angeles Kings,8475311,Darcy Kuemper,60:55:00,-4.104,-3.9187352
2024020044,2,False,2024-10-14,UTA,Arizona Coyotes,NJD,New Jersey Devils,0,3,NJD,New Jersey Devils,8474596,Jake Allen,60:00:00,2.039,1.6947382
2024020044,2,False,2024-10-14,UTA,Arizona Coyotes,NJD,New Jersey Devils,0,3,UTA,Arizona Coyotes,8478872,Karel Vejmelka,58:11:00,1.612,1.3045456
2024020045,2,False,2024-10-14,DET,Detroit Red Wings,NYR,New York Rangers,1,4,NYR,New York Rangers,8478048,Igor Shesterkin,59:48:00,1.578,1.2734764
2024020045,2,False,2024-10-14,DET,Detroit Red Wings,NYR,New York Rangers,1,4,DET,Detroit Red Wings,8479312,Alex Lyon,57:47:00,-0.185,-0.337553
2024020046,2,False,2024-10-14,PIT,Pittsburgh Penguins,MTL,Montréal Canadiens,6,3,MTL,Montréal Canadiens,8478470,Sam Montembeault,57:18:00,-0.272,-0.4170536
2024020046,2,False,2024-10-14,PIT,Pittsburgh Penguins,MTL,Montréal Canadiens,6,3,PIT,Pittsburgh Penguins,8477465,Tristan Jarry,60:00:00,0.211,0.0243118
2024020047,2,False,2024-10-14,NYI,New York Islanders,COL,Colorado Avalanche,6,2,COL,Colorado Avalanche,8480382,Alexandar Georgiev,56:38:00,-1.978,-1.9759964
2024020047,2,False,2024-10-14,NYI,New York Islanders,COL,Colorado Avalanche,6,2,NYI,New York Islanders,8478009,Ilya Sorokin,59:52:00,1.17,0.900646
2024020048,2,False,2024-10-15,VAN,Vancouver Canucks,TBL,Tampa Bay Lightning,1,4,TBL,Tampa Bay Lightning,8476883,Andrei Vasilevskiy,60:00:00,3.691,3.2043358
2024020048,2,False,2024-10-15,VAN,Vancouver Canucks,TBL,Tampa Bay Lightning,1,4,VAN,Vancouver Canucks,8481668,Arturs Silovs,59:21:00,0.388,0.1860544
2024020049,2,False,2024-10-15,VGK,Vegas Golden Knights,WSH,Washington Capitals,2,4,WSH,Washington Capitals,8480313,Logan Thompson,59:34:00,0.612,0.3907456
2024020049,2,False,2024-10-15,VGK,Vegas Golden Knights,WSH,Washington Capitals,2,4,VGK,Vegas Golden Knights,8478499,Adin Hill,57:26:00,0.177,-0.0067574
2024020050,2,False,2024-10-15,NJD,New Jersey Devils,CAR,Carolina Hurricanes,2,4,CAR,Carolina Hurricanes,8481611,Pyotr Kochetkov,60:00:00,1.465,1.170217
2024020050,2,False,2024-10-15,NJD,New Jersey Devils,CAR,Carolina Hurricanes,2,4,NJD,New Jersey Devils,8474593,Jacob Markstrom,59:28:00,0.726,0.4949188
2024020051,2,False,2024-10-15,FLA,Florida Panthers,CBJ,Columbus Blue Jackets,4,3,CBJ,Columbus Blue Jackets,8478007,Elvis Merzlikins,55:34:00,-2.863,-2.7847094
2024020051,2,False,2024-10-15,FLA,Florida Panthers,CBJ,Columbus Blue Jackets,4,3,FLA,Florida Panthers,8481519,Spencer Knight,60:00:00,0.494,0.2829172
2024020052,2,False,2024-10-15,MIN,Minnesota Wild,STL,St. Louis Blues,4,1,STL,St. Louis Blues,8476412,Jordan Binnington,59:16:00,-0.301,-0.4435538
2024020052,2,False,2024-10-15,MIN,Minnesota Wild,STL,St. Louis Blues,4,1,MIN,Minnesota Wild,8479406,Filip Gustavsson,60:00:00,2.12,1.768756
2024020053,2,False,2024-10-15,SEA,Seattle Kraken,NSH,Nashville Predators,7,3,NSH,Nashville Predators,8477424,Juuse Saros,57:05:00,-4.187,-3.9945806
2024020053,2,False,2024-10-15,SEA,Seattle Kraken,NSH,Nashville Predators,7,3,SEA,Seattle Kraken,8478916,Joey Daccord,59:46:00,0.107,-0.0707234
2024020054,2,False,2024-10-15,SJS,San Jose Sharks,DAL,Dallas Stars,2,3,DAL,Dallas Stars,8479979,Jake Oettinger,64:32:00,0.78,0.544264
2024020054,2,False,2024-10-15,SJS,San Jose Sharks,DAL,Dallas Stars,2,3,SJS,San Jose Sharks,8478406,Mackenzie Blackwood,65:00:00,2.303,1.9359814
2024020055,2,False,2024-10-15,CHI,Chicago Blackhawks,CGY,Calgary Flames,1,3,CGY,Calgary Flames,8481692,Dustin Wolf,59:32:00,1.193,0.9216634
2024020055,2,False,2024-10-15,CHI,Chicago Blackhawks,CGY,Calgary Flames,1,3,CHI,Chicago Blackhawks,8475852,Petr Mrazek,58:19:00,0.713,0.4830394
2024020056,2,False,2024-10-15,PHI,Philadelphia Flyers,EDM,Edmonton Oilers,3,4,EDM,Edmonton Oilers,8479973,Stuart Skinner,60:32:00,-0.27,-0.415226
2024020056,2,False,2024-10-15,PHI,Philadelphia Flyers,EDM,Edmonton Oilers,3,4,PHI,Philadelphia Flyers,8481035,Samuel Ersson,60:56:00,-1.078,-1.1535764
2024020057,2,False,2024-10-16,BUF,Buffalo Sabres,PIT,Pittsburgh Penguins,5,6,PIT,Pittsburgh Penguins,8482446,Joel Blomqvist,49:0,0.302,0.1074676
2024020057,2,False,2024-10-16,BUF,Buffalo Sabres,PIT,Pittsburgh Penguins,5,6,PIT,Pittsburgh Penguins,8477465,Tristan Jarry,11:33,-2.5,-2.453
2024020057,2,False,2024-10-16,BUF,Buffalo Sabres,PIT,Pittsburgh Penguins,5,6,BUF,Buffalo Sabres,8480045,Ukko-Pekka Luukkonen,61:38,-0.494,-0.6199172
2024020058,2,False,2024-10-16,LAK,Los Angeles Kings,TOR,Toronto Maple Leafs,2,6,TOR,Toronto Maple Leafs,8476932,Anthony Stolarz,60:0,1.337,1.0532506
2024020058,2,False,2024-10-16,LAK,Los Angeles Kings,TOR,Toronto Maple Leafs,2,6,LAK,Los Angeles Kings,8477831,Pheonix Copley,27:29,-0.987,-1.0704206
2024020058,2,False,2024-10-16,LAK,Los Angeles Kings,TOR,Toronto Maple Leafs,2,6,LAK,Los Angeles Kings,8479496,David Rittich,32:22,-3.049,-2.9546762
2024020059,2,False,2024-10-16,BOS,Boston Bruins,COL,Colorado Avalanche,5,3,COL,Colorado Avalanche,8480382,Alexandar Georgiev,57:43,-1.86,-1.868168
2024020059,2,False,2024-10-16,BOS,Boston Bruins,COL,Colorado Avalanche,5,3,BOS,Boston Bruins,8476914,Joonas Korpisalo,60:0,-0.28,-0.424364
2024020060,2,False,2024-10-16,UTA,Arizona Coyotes,ANA,Anaheim Ducks,4,5,ANA,Anaheim Ducks,8480843,Lukas Dostal,60:50,-1.066,-1.1426108
2024020060,2,False,2024-10-16,UTA,Arizona Coyotes,ANA,Anaheim Ducks,4,5,UTA,Arizona Coyotes,8478971,Connor Ingram,60:54,-1.266,-1.3253708
2024020061,2,False,2024-10-17,LAK,Los Angeles Kings,MTL,Montréal Canadiens,4,1,MTL,Montréal Canadiens,8478470,Sam Montembeault,58:5,-0.766,-0.8684708
2024020061,2,False,2024-10-17,LAK,Los Angeles Kings,MTL,Montréal Canadiens,4,1,LAK,Los Angeles Kings,8479496,David Rittich,60:0,1.328,1.0450264
2024020062,2,False,2024-10-17,NJD,New Jersey Devils,OTT,Ottawa Senators,3,1,OTT,Ottawa Senators,8476341,Anton Forsberg,57:50,-0.702,-0.8099876
2024020062,2,False,2024-10-17,NJD,New Jersey Devils,OTT,Ottawa Senators,3,1,NJD,New Jersey Devils,8474593,Jacob Markstrom,60:0,1.395,1.106251
2024020064,2,False,2024-10-17,VGK,Vegas Golden Knights,TBL,Tampa Bay Lightning,3,4,TBL,Tampa Bay Lightning,8476883,Andrei Vasilevskiy,60:0,-1.121,-1.1928698
2024020064,2,False,2024-10-17,VGK,Vegas Golden Knights,TBL,Tampa Bay Lightning,3,4,VGK,Vegas Golden Knights,8478499,Adin Hill,58:43,-0.537,-0.6592106
2024020065,2,False,2024-10-17,VAN,Vancouver Canucks,FLA,Florida Panthers,3,2,FLA,Florida Panthers,8475683,Sergei Bobrovsky,62:9,-0.415,-0.547727
2024020065,2,False,2024-10-17,VAN,Vancouver Canucks,FLA,Florida Panthers,3,2,VAN,Vancouver Canucks,8480947,Kevin Lankinen,62:9,0.605,0.384349
2024020066,2,False,2024-10-17,DAL,Dallas Stars,WSH,Washington Capitals,2,3,WSH,Washington Capitals,8479292,Charlie Lindgren,60:0,0.23,0.0416739999999999
2024020066,2,False,2024-10-17,DAL,Dallas Stars,WSH,Washington Capitals,2,3,DAL,Dallas Stars,8479193,Casey DeSmith,57:57,0.606,0.3852628
2024020067,2,False,2024-10-17,BUF,Buffalo Sabres,CBJ,Columbus Blue Jackets,4,6,CBJ,Columbus Blue Jackets,8480193,Daniil Tarasov,59:51,-1.237,-1.2988706
2024020067,2,False,2024-10-17,BUF,Buffalo Sabres,CBJ,Columbus Blue Jackets,4,6,BUF,Buffalo Sabres,8482221,Devon Levi,57:20,-3.972,-3.7981136
2024020063,2,False,2024-10-17,NYR,New York Rangers,DET,Detroit Red Wings,5,2,DET,Detroit Red Wings,8479312,Alex Lyon,27:32,1.568,1.2643384
2024020063,2,False,2024-10-17,NYR,New York Rangers,DET,Detroit Red Wings,5,2,DET,Detroit Red Wings,8475660,Cam Talbot,32:20,-1.99,-1.986962
2024020063,2,False,2024-10-17,NYR,New York Rangers,DET,Detroit Red Wings,5,2,NYR,New York Rangers,8471734,Jonathan Quick,59:13,1.967,1.6289446
2024020068,2,False,2024-10-17,NYI,New York Islanders,STL,St. Louis Blues,0,1,STL,St. Louis Blues,8480981,Joel Hofer,62:4,2.575,2.184535
2024020068,2,False,2024-10-17,NYI,New York Islanders,STL,St. Louis Blues,0,1,NYI,New York Islanders,8478009,Ilya Sorokin,62:4,1.545,1.243321
2024020069,2,False,2024-10-17,EDM,Edmonton Oilers,NSH,Nashville Predators,4,2,NSH,Nashville Predators,8477424,Juuse Saros,57:59,0.394,0.1915372
2024020069,2,False,2024-10-17,EDM,Edmonton Oilers,NSH,Nashville Predators,4,2,EDM,Edmonton Oilers,8475717,Calvin Pickard,59:54,0.0969999999999999,-0.0798614
2024020070,2,False,2024-10-17,SJS,San Jose Sharks,CHI,Chicago Blackhawks,2,4,CHI,Chicago Blackhawks,8475852,Petr Mrazek,59:56,0.289,0.0955882000000001
2024020070,2,False,2024-10-17,SJS,San Jose Sharks,CHI,Chicago Blackhawks,2,4,SJS,San Jose Sharks,8477970,Vitek Vanecek,56:11,0.0049999999999998,-0.163931
2024020071,2,False,2024-10-17,PHI,Philadelphia Flyers,SEA,Seattle Kraken,4,6,SEA,Seattle Kraken,8475831,Philipp Grubauer,59:45,-1.418,-1.4642684
2024020071,2,False,2024-10-17,PHI,Philadelphia Flyers,SEA,Seattle Kraken,4,6,PHI,Philadelphia Flyers,8481035,Samuel Ersson,15:18,-0.605,-0.721349
2024020071,2,False,2024-10-17,PHI,Philadelphia Flyers,SEA,Seattle Kraken,4,6,PHI,Philadelphia Flyers,8478905,Ivan Fedotov,40:0,-2.481,-2.4356378
2024020072,2,False,2024-10-18,CAR,Carolina Hurricanes,PIT,Pittsburgh Penguins,4,1,PIT,Pittsburgh Penguins,8482446,Joel Blomqvist,60:0,2.291,1.9250158
2024020072,2,False,2024-10-18,CAR,Carolina Hurricanes,PIT,Pittsburgh Penguins,4,1,CAR,Carolina Hurricanes,8475883,Frederik Andersen,59:29,2.897,2.4787786
2024020073,2,False,2024-10-18,SJS,San Jose Sharks,WPG,Winnipeg Jets,3,8,WPG,Winnipeg Jets,8476945,Connor Hellebuyck,59:16,-0.815,-0.913247
2024020073,2,False,2024-10-18,SJS,San Jose Sharks,WPG,Winnipeg Jets,3,8,SJS,San Jose Sharks,8478406,Mackenzie Blackwood,21:46,-3.494,-3.3613172
2024020073,2,False,2024-10-18,SJS,San Jose Sharks,WPG,Winnipeg Jets,3,8,SJS,San Jose Sharks,8477970,Vitek Vanecek,38:14,-1.203,-1.2678014
2024020074,2,False,2024-10-18,ANA,Anaheim Ducks,COL,Colorado Avalanche,3,4,COL,Colorado Avalanche,8480382,Alexandar Georgiev,64:19,-0.364,-0.5011232
2024020074,2,False,2024-10-18,ANA,Anaheim Ducks,COL,Colorado Avalanche,3,4,ANA,Anaheim Ducks,8480843,Lukas Dostal,61:25,2.073,1.7258074
2024020075,2,False,2024-10-19,TBL,Tampa Bay Lightning,OTT,Ottawa Senators,4,5,OTT,Ottawa Senators,8476341,Anton Forsberg,60:0,-0.954,-1.0402652
2024020075,2,False,2024-10-19,TBL,Tampa Bay Lightning,OTT,Ottawa Senators,4,5,TBL,Tampa Bay Lightning,8476883,Andrei Vasilevskiy,57:56,-2.831,-2.7554678
2024020076,2,False,2024-10-19,DET,Detroit Red Wings,NSH,Nashville Predators,5,2,NSH,Nashville Predators,8477424,Juuse Saros,58:30,-0.08,-0.241604
2024020076,2,False,2024-10-19,DET,Detroit Red Wings,NSH,Nashville Predators,5,2,DET,Detroit Red Wings,8479312,Alex Lyon,60:0,2.34,1.969792
2024020077,2,False,2024-10-19,EDM,Edmonton Oilers,DAL,Dallas Stars,1,4,DAL,Dallas Stars,8479979,Jake Oettinger,60:0,2.031,1.6874278
2024020077,2,False,2024-10-19,EDM,Edmonton Oilers,DAL,Dallas Stars,1,4,EDM,Edmonton Oilers,8479973,Stuart Skinner,58:51,-1.047,-1.1252486
2024020078,2,False,2024-10-19,VGK,Vegas Golden Knights,FLA,Florida Panthers,3,4,FLA,Florida Panthers,8475683,Sergei Bobrovsky,64:43,-0.274,-0.4188812
2024020078,2,False,2024-10-19,VGK,Vegas Golden Knights,FLA,Florida Panthers,3,4,VGK,Vegas Golden Knights,8478492,Ilya Samsonov,64:43,0.0819999999999998,-0.0935684000000001
2024020079,2,False,2024-10-19,NYR,New York Rangers,TOR,Toronto Maple Leafs,4,1,TOR,Toronto Maple Leafs,8476932,Anthony Stolarz,58:30,0.724,0.4930912
2024020079,2,False,2024-10-19,NYR,New York Rangers,TOR,Toronto Maple Leafs,4,1,NYR,New York Rangers,8478048,Igor Shesterkin,59:48,2.929,2.5080202
2024020080,2,False,2024-10-19,WSH,Washington Capitals,NJD,New Jersey Devils,6,5,NJD,New Jersey Devils,8474593,Jacob Markstrom,64:0,-3.278,-3.1639364
2024020080,2,False,2024-10-19,WSH,Washington Capitals,NJD,New Jersey Devils,6,5,WSH,Washington Capitals,8480313,Logan Thompson,63:38,-1.761,-1.7777018
2024020081,2,False,2024-10-19,MTL,Montréal Canadiens,NYI,New York Islanders,3,4,NYI,New York Islanders,8473575,Semyon Varlamov,64:16,0.547,0.3313486
2024020081,2,False,2024-10-19,MTL,Montréal Canadiens,NYI,New York Islanders,3,4,MTL,Montréal Canadiens,8480051,Cayden Primeau,65:0,0.372,0.1714336
2024020082,2,False,2024-10-19,VAN,Vancouver Canucks,PHI,Philadelphia Flyers,3,0,PHI,Philadelphia Flyers,8481035,Samuel Ersson,59:38,-1.331,-1.3847678
2024020082,2,False,2024-10-19,VAN,Vancouver Canucks,PHI,Philadelphia Flyers,3,0,VAN,Vancouver Canucks,8480947,Kevin Lankinen,59:53,2.995,2.568331
2024020083,2,False,2024-10-19,MIN,Minnesota Wild,CBJ,Columbus Blue Jackets,3,1,CBJ,Columbus Blue Jackets,8480193,Daniil Tarasov,58:30,0.556,0.3395728
2024020083,2,False,2024-10-19,MIN,Minnesota Wild,CBJ,Columbus Blue Jackets,3,1,MIN,Minnesota Wild,8479406,Filip Gustavsson,60:0,1.147,0.8796286
2024020084,2,False,2024-10-19,CAR,Carolina Hurricanes,STL,St. Louis Blues,3,4,STL,St. Louis Blues,8480981,Joel Hofer,60:0,-0.199,-0.3503462
2024020084,2,False,2024-10-19,CAR,Carolina Hurricanes,STL,St. Louis Blues,3,4,CAR,Carolina Hurricanes,8481611,Pyotr Kochetkov,57:56,-2.196,-2.1752048
2024020085,2,False,2024-10-19,BUF,Buffalo Sabres,CHI,Chicago Blackhawks,4,2,CHI,Chicago Blackhawks,8482821,Arvid Soderblom,58:15,-1.049,-1.1270762
2024020085,2,False,2024-10-19,BUF,Buffalo Sabres,CHI,Chicago Blackhawks,4,2,BUF,Buffalo Sabres,8480045,Ukko-Pekka Luukkonen,60:0,0.891,0.6456958
2024020086,2,False,2024-10-19,BOS,Boston Bruins,UTA,Arizona Coyotes,1,2,UTA,Arizona Coyotes,8478971,Connor Ingram,62:23,0.768,0.5332984
2024020086,2,False,2024-10-19,BOS,Boston Bruins,UTA,Arizona Coyotes,1,2,BOS,Boston Bruins,8480280,Jeremy Swayman,62:37,0.6,0.37978
2024020087,2,False,2024-10-19,CGY,Calgary Flames,SEA,Seattle Kraken,1,2,SEA,Seattle Kraken,8478916,Joey Daccord,60:21,2.436,2.0575168
2024020087,2,False,2024-10-19,CGY,Calgary Flames,SEA,Seattle Kraken,1,2,CGY,Calgary Flames,8478435,Dan Vladar,60:48,0.556,0.3395728
2024020088,2,False,2024-10-20,PIT,Pittsburgh Penguins,WPG,Winnipeg Jets,3,6,WPG,Winnipeg Jets,8477480,Eric Comrie,59:53,1.603,1.2963214
2024020088,2,False,2024-10-20,PIT,Pittsburgh Penguins,WPG,Winnipeg Jets,3,6,PIT,Pittsburgh Penguins,8477968,Alex Nedeljkovic,59:21,-0.626,-0.7405388
2024020089,2,False,2024-10-20,COL,Colorado Avalanche,SJS,San Jose Sharks,4,1,SJS,San Jose Sharks,8477970,Vitek Vanecek,57:36,-0.311,-0.4526918
2024020089,2,False,2024-10-20,COL,Colorado Avalanche,SJS,San Jose Sharks,4,1,COL,Colorado Avalanche,8481020,Justus Annunen,60:0,1.751,1.4315638
2024020090,2,False,2024-10-20,LAK,Los Angeles Kings,ANA,Anaheim Ducks,4,1,ANA,Anaheim Ducks,8480843,Lukas Dostal,59:23,-1.567,-1.6004246
2024020090,2,False,2024-10-20,LAK,Los Angeles Kings,ANA,Anaheim Ducks,4,1,LAK,Los Angeles Kings,8479496,David Rittich,60:0,0.705,0.475729
2024020091,2,False,2024-10-21,TBL,Tampa Bay Lightning,TOR,Toronto Maple Leafs,2,5,TOR,Toronto Maple Leafs,8476932,Anthony Stolarz,59:35,1.514,1.2149932
2024020091,2,False,2024-10-21,TBL,Tampa Bay Lightning,TOR,Toronto Maple Leafs,2,5,TBL,Tampa Bay Lightning,8477992,Jonas Johansson,28:22,0.457,0.2491066
2024020091,2,False,2024-10-21,TBL,Tampa Bay Lightning,TOR,Toronto Maple Leafs,2,5,TBL,Tampa Bay Lightning,8476883,Andrei Vasilevskiy,29:31,-2.036,-2.0289968
2024020092,2,False,2024-10-22,WSH,Washington Capitals,PHI,Philadelphia Flyers,4,1,PHI,Philadelphia Flyers,8481035,Samuel Ersson,60:0,-2.236,-2.2117568
2024020092,2,False,2024-10-22,WSH,Washington Capitals,PHI,Philadelphia Flyers,4,1,WSH,Washington Capitals,8479292,Charlie Lindgren,60:0,0.747,0.5141086
2024020093,2,False,2024-10-22,MIN,Minnesota Wild,FLA,Florida Panthers,5,1,FLA,Florida Panthers,8481519,Spencer Knight,20:0,0.507,0.2947966
2024020093,2,False,2024-10-22,MIN,Minnesota Wild,FLA,Florida Panthers,5,1,FLA,Florida Panthers,8475683,Sergei Bobrovsky,40:0,-3.056,-2.9610728
2024020093,2,False,2024-10-22,MIN,Minnesota Wild,FLA,Florida Panthers,5,1,MIN,Minnesota Wild,8479406,Filip Gustavsson,60:0,1.006,0.7507828
2024020094,2,False,2024-10-22,TBL,Tampa Bay Lightning,NJD,New Jersey Devils,8,5,NJD,New Jersey Devils,8474596,Jake Allen,59:31,-3.317,-3.1995746
2024020094,2,False,2024-10-22,TBL,Tampa Bay Lightning,NJD,New Jersey Devils,8,5,TBL,Tampa Bay Lightning,8477992,Jonas Johansson,59:57,-1.282,-1.3399916
2024020095,2,False,2024-10-22,DAL,Dallas Stars,BUF,Buffalo Sabres,2,4,BUF,Buffalo Sabres,8480045,Ukko-Pekka Luukkonen,60:0,0.911,0.6639718
2024020095,2,False,2024-10-22,DAL,Dallas Stars,BUF,Buffalo Sabres,2,4,DAL,Dallas Stars,8479979,Jake Oettinger,54:30,-0.532,-0.6546416
2024020096,2,False,2024-10-22,NYR,New York Rangers,MTL,Montréal Canadiens,7,2,MTL,Montréal Canadiens,8480051,Cayden Primeau,48:55,2.447,2.0675686
2024020096,2,False,2024-10-22,NYR,New York Rangers,MTL,Montréal Canadiens,7,2,MTL,Montréal Canadiens,8478470,Sam Montembeault,11:5,-2.628,-2.5699664
2024020096,2,False,2024-10-22,NYR,New York Rangers,MTL,Montréal Canadiens,7,2,NYR,New York Rangers,8478048,Igor Shesterkin,60:0,0.147,-0.0341714000000002
2024020097,2,False,2024-10-22,TOR,Toronto Maple Leafs,CBJ,Columbus Blue Jackets,2,6,CBJ,Columbus Blue Jackets,8480193,Daniil Tarasov,58:55,0.825,0.585385
2024020097,2,False,2024-10-22,TOR,Toronto Maple Leafs,CBJ,Columbus Blue Jackets,2,6,TOR,Toronto Maple Leafs,8483710,Dennis Hildeby,59:41,-2.782,-2.7106916
2024020098,2,False,2024-10-22,DET,Detroit Red Wings,NYI,New York Islanders,1,0,NYI,New York Islanders,8478009,Ilya Sorokin,57:44,-0.165,-0.319277
2024020098,2,False,2024-10-22,DET,Detroit Red Wings,NYI,New York Islanders,1,0,DET,Detroit Red Wings,8479312,Alex Lyon,60:0,2.661,2.2631218
2024020099,2,False,2024-10-22,WPG,Winnipeg Jets,STL,St. Louis Blues,3,2,STL,St. Louis Blues,8476412,Jordan Binnington,58:27,-0.455,-0.584279
2024020099,2,False,2024-10-22,WPG,Winnipeg Jets,STL,St. Louis Blues,3,2,WPG,Winnipeg Jets,8476945,Connor Hellebuyck,59:25,1.443,1.1501134
2024020100,2,False,2024-10-22,VAN,Vancouver Canucks,CHI,Chicago Blackhawks,6,3,CHI,Chicago Blackhawks,8475852,Petr Mrazek,59:43,-2.517,-2.4685346
2024020100,2,False,2024-10-22,VAN,Vancouver Canucks,CHI,Chicago Blackhawks,6,3,VAN,Vancouver Canucks,8480947,Kevin Lankinen,60:0,-0.0939999999999998,-0.2543972
2024020106,2,False,2024-10-22,COL,Colorado Avalanche,SEA,Seattle Kraken,3,2,SEA,Seattle Kraken,8475831,Philipp Grubauer,56:39,0.236,0.0471568000000001
2024020106,2,False,2024-10-22,COL,Colorado Avalanche,SEA,Seattle Kraken,3,2,COL,Colorado Avalanche,8481020,Justus Annunen,60:0,1.339,1.0550782
2024020101,2,False,2024-10-22,BOS,Boston Bruins,NSH,Nashville Predators,0,4,NSH,Nashville Predators,8477424,Juuse Saros,59:56,1.948,1.6115824
2024020101,2,False,2024-10-22,BOS,Boston Bruins,NSH,Nashville Predators,0,4,BOS,Boston Bruins,8480280,Jeremy Swayman,59:41,1.409,1.1190442
2024020103,2,False,2024-10-22,CAR,Carolina Hurricanes,EDM,Edmonton Oilers,3,2,EDM,Edmonton Oilers,8479973,Stuart Skinner,64:44,1.609,1.3018042
2024020103,2,False,2024-10-22,CAR,Carolina Hurricanes,EDM,Edmonton Oilers,3,2,CAR,Carolina Hurricanes,8475883,Frederik Andersen,64:49,2.579,2.1881902
2024020104,2,False,2024-10-22,OTT,Ottawa Senators,UTA,Arizona Coyotes,4,0,UTA,Arizona Coyotes,8478971,Connor Ingram,20:0,-2.36,-2.325068
2024020104,2,False,2024-10-22,OTT,Ottawa Senators,UTA,Arizona Coyotes,4,0,UTA,Arizona Coyotes,8478872,Karel Vejmelka,39:58,1.259,0.9819742
2024020104,2,False,2024-10-22,OTT,Ottawa Senators,UTA,Arizona Coyotes,4,0,OTT,Ottawa Senators,8476341,Anton Forsberg,60:0,4.297,3.7580986
2024020102,2,False,2024-10-22,PIT,Pittsburgh Penguins,CGY,Calgary Flames,3,4,CGY,Calgary Flames,8481692,Dustin Wolf,63:55,0.345,0.146761
2024020102,2,False,2024-10-22,PIT,Pittsburgh Penguins,CGY,Calgary Flames,3,4,PIT,Pittsburgh Penguins,8477968,Alex Nedeljkovic,65:0,-0.096,-0.2562248
2024020105,2,False,2024-10-22,SJS,San Jose Sharks,ANA,Anaheim Ducks,1,3,ANA,Anaheim Ducks,8480843,Lukas Dostal,60:0,1.604,1.2972352
2024020105,2,False,2024-10-22,SJS,San Jose Sharks,ANA,Anaheim Ducks,1,3,SJS,San Jose Sharks,8478406,Mackenzie Blackwood,57:50,2.334,1.9643092
2024020107,2,False,2024-10-22,LAK,Los Angeles Kings,VGK,Vegas Golden Knights,1,6,VGK,Vegas Golden Knights,8478492,Ilya Samsonov,60:0,2.896,2.4778648
2024020107,2,False,2024-10-22,LAK,Los Angeles Kings,VGK,Vegas Golden Knights,1,6,LAK,Los Angeles Kings,8479496,David Rittich,59:47,-2.305,-2.274809
2024020108,2,False,2024-10-23,PHI,Philadelphia Flyers,WSH,Washington Capitals,3,6,WSH,Washington Capitals,8480313,Logan Thompson,60:0,1.072,0.8110936
2024020108,2,False,2024-10-23,PHI,Philadelphia Flyers,WSH,Washington Capitals,3,6,PHI,Philadelphia Flyers,8478905,Ivan Fedotov,58:24,-1.196,-1.2614048
2024020109,2,False,2024-10-24,DAL,Dallas Stars,BOS,Boston Bruins,5,2,BOS,Boston Bruins,8480280,Jeremy Swayman,58:6,-0.534,-0.6564692
2024020109,2,False,2024-10-24,DAL,Dallas Stars,BOS,Boston Bruins,5,2,DAL,Dallas Stars,8479193,Casey DeSmith,59:56,1.694,1.3794772
2024020110,2,False,2024-10-24,STL,St. Louis Blues,TOR,Toronto Maple Leafs,5,1,TOR,Toronto Maple Leafs,8479361,Joseph Woll,58:48,-2.011,-2.0061518
2024020110,2,False,2024-10-24,STL,St. Louis Blues,TOR,Toronto Maple Leafs,5,1,STL,St. Louis Blues,8476412,Jordan Binnington,60:0,2.956,2.5326928
2024020111,2,False,2024-10-24,NJD,New Jersey Devils,DET,Detroit Red Wings,3,5,DET,Detroit Red Wings,8475660,Cam Talbot,60:0,2.038,1.6938244
2024020111,2,False,2024-10-24,NJD,New Jersey Devils,DET,Detroit Red Wings,3,5,NJD,New Jersey Devils,8474593,Jacob Markstrom,58:22,-2.323,-2.2912574
2024020112,2,False,2024-10-24,MIN,Minnesota Wild,TBL,Tampa Bay Lightning,4,2,TBL,Tampa Bay Lightning,8476883,Andrei Vasilevskiy,58:56,-1.201,-1.2659738
2024020112,2,False,2024-10-24,MIN,Minnesota Wild,TBL,Tampa Bay Lightning,4,2,MIN,Minnesota Wild,8470594,Marc-Andre Fleury,60:0,-0.588,-0.7058144
2024020113,2,False,2024-10-24,FLA,Florida Panthers,NYR,New York Rangers,3,1,NYR,New York Rangers,8478048,Igor Shesterkin,56:57,-0.157,-0.3119666
2024020113,2,False,2024-10-24,FLA,Florida Panthers,NYR,New York Rangers,3,1,FLA,Florida Panthers,8475683,Sergei Bobrovsky,60:0,2.482,2.0995516
2024020114,2,False,2024-10-24,CAR,Carolina Hurricanes,CGY,Calgary Flames,4,2,CGY,Calgary Flames,8478435,Dan Vladar,59:34,2.293,1.9268434
2024020114,2,False,2024-10-24,CAR,Carolina Hurricanes,CGY,Calgary Flames,4,2,CAR,Carolina Hurricanes,8481611,Pyotr Kochetkov,60:0,1.496,1.1985448
2024020115,2,False,2024-10-24,COL,Colorado Avalanche,UTA,Arizona Coyotes,5,1,UTA,Arizona Coyotes,8478872,Karel Vejmelka,60:0,-2.527,-2.4776726
2024020115,2,False,2024-10-24,COL,Colorado Avalanche,UTA,Arizona Coyotes,5,1,COL,Colorado Avalanche,8481020,Justus Annunen,59:49,1.223,0.9490774
2024020116,2,False,2024-10-24,WPG,Winnipeg Jets,SEA,Seattle Kraken,4,3,SEA,Seattle Kraken,8478916,Joey Daccord,61:6,-2.145,-2.128601
2024020116,2,False,2024-10-24,WPG,Winnipeg Jets,SEA,Seattle Kraken,4,3,WPG,Winnipeg Jets,8476945,Connor Hellebuyck,61:19,-0.674,-0.7844012
2024020117,2,False,2024-10-24,SJS,San Jose Sharks,LAK,Los Angeles Kings,2,3,LAK,Los Angeles Kings,8479496,David Rittich,60:0,1.291,1.0112158
2024020117,2,False,2024-10-24,SJS,San Jose Sharks,LAK,Los Angeles Kings,2,3,SJS,San Jose Sharks,8478406,Mackenzie Blackwood,57:44,1.0,0.7453
2024020118,2,False,2024-10-25,OTT,Ottawa Senators,VGK,Vegas Golden Knights,4,6,VGK,Vegas Golden Knights,8478499,Adin Hill,60:0,-1.3210000000000002,-1.3756298000000002
2024020118,2,False,2024-10-25,OTT,Ottawa Senators,VGK,Vegas Golden Knights,4,6,OTT,Ottawa Senators,8476999,Linus Ullmark,58:14,-3.055,-2.9601589999999995
2024020119,2,False,2024-10-25,NYI,New York Islanders,NJD,New Jersey Devils,4,3,NJD,New Jersey Devils,8474596,Jake Allen,60:46,-0.8700000000000001,-0.963506
2024020119,2,False,2024-10-25,NYI,New York Islanders,NJD,New Jersey Devils,4,3,NYI,New York Islanders,8478009,Ilya Sorokin,61:9,1.106,0.8421627999999998
2024020120,2,False,2024-10-25,NSH,Nashville Predators,CHI,Chicago Blackhawks,3,2,CHI,Chicago Blackhawks,8475852,Petr Mrazek,57:59,-0.2219999999999999,-0.3713636
2024020120,2,False,2024-10-25,NSH,Nashville Predators,CHI,Chicago Blackhawks,3,2,NSH,Nashville Predators,8477424,Juuse Saros,59:58,1.67,1.3575459999999997
2024020121,2,False,2024-10-25,PIT,Pittsburgh Penguins,EDM,Edmonton Oilers,0,4,EDM,Edmonton Oilers,8479973,Stuart Skinner,60:0,2.164,1.8089632
2024020121,2,False,2024-10-25,PIT,Pittsburgh Penguins,EDM,Edmonton Oilers,0,4,PIT,Pittsburgh Penguins,8482446,Joel Blomqvist,59:56,1.817,1.4918746
2024020122,2,False,2024-10-26,DET,Detroit Red Wings,BUF,Buffalo Sabres,3,5,BUF,Buffalo Sabres,8480045,Ukko-Pekka Luukkonen,60:0,-1.086,-1.1608868
2024020122,2,False,2024-10-26,DET,Detroit Red Wings,BUF,Buffalo Sabres,3,5,DET,Detroit Red Wings,8479312,Alex Lyon,58:40,-1.378,-1.4277164000000002
2024020123,2,False,2024-10-26,MIN,Minnesota Wild,PHI,Philadelphia Flyers,5,7,PHI,Philadelphia Flyers,8481035,Samuel Ersson,59:44,-1.766,-1.7822708
2024020123,2,False,2024-10-26,MIN,Minnesota Wild,PHI,Philadelphia Flyers,5,7,MIN,Minnesota Wild,8479406,Filip Gustavsson,58:16,-2.689,-2.6257082
2024020124,2,False,2024-10-26,UTA,Arizona Coyotes,LAK,Los Angeles Kings,2,3,LAK,Los Angeles Kings,8475311,Darcy Kuemper,60:0,-0.304,-0.4462952
2024020124,2,False,2024-10-26,UTA,Arizona Coyotes,LAK,Los Angeles Kings,2,3,UTA,Arizona Coyotes,8478971,Connor Ingram,58:6,-1.31,-1.3655780000000002
2024020125,2,False,2024-10-26,TOR,Toronto Maple Leafs,BOS,Boston Bruins,3,4,BOS,Boston Bruins,8480280,Jeremy Swayman,62:26,0.2730000000000001,0.0809674000000001
2024020125,2,False,2024-10-26,TOR,Toronto Maple Leafs,BOS,Boston Bruins,3,4,TOR,Toronto Maple Leafs,8476932,Anthony Stolarz,61:49,-0.31,-0.451778
2024020126,2,False,2024-10-26,STL,St. Louis Blues,MTL,Montréal Canadiens,2,5,MTL,Montréal Canadiens,8478470,Sam Montembeault,59:33,1.2639999999999998,0.9865431999999996
2024020126,2,False,2024-10-26,STL,St. Louis Blues,MTL,Montréal Canadiens,2,5,STL,St. Louis Blues,8476412,Jordan Binnington,59:15,-1.598,-1.6287524
2024020127,2,False,2024-10-26,WSH,Washington Capitals,TBL,Tampa Bay Lightning,0,3,TBL,Tampa Bay Lightning,8476883,Andrei Vasilevskiy,60:0,2.963,2.5390894
2024020127,2,False,2024-10-26,WSH,Washington Capitals,TBL,Tampa Bay Lightning,0,3,WSH,Washington Capitals,8479292,Charlie Lindgren,60:0,-1.064,-1.1407832
2024020128,2,False,2024-10-26,ANA,Anaheim Ducks,NYR,New York Rangers,1,2,NYR,New York Rangers,8471734,Jonathan Quick,60:0,0.653,0.4282114
2024020128,2,False,2024-10-26,ANA,Anaheim Ducks,NYR,New York Rangers,1,2,ANA,Anaheim Ducks,8480843,Lukas Dostal,57:57,1.039,0.7809382000000001
2024020129,2,False,2024-10-26,WPG,Winnipeg Jets,CGY,Calgary Flames,5,3,CGY,Calgary Flames,8481692,Dustin Wolf,58:27,-1.084,-1.1590592
2024020129,2,False,2024-10-26,WPG,Winnipeg Jets,CGY,Calgary Flames,5,3,WPG,Winnipeg Jets,8477480,Eric Comrie,60:0,-0.71,-0.8172979999999999
2024020130,2,False,2024-10-26,FLA,Florida Panthers,NYI,New York Islanders,6,3,NYI,New York Islanders,8473575,Semyon Varlamov,58:14,-1.4009999999999998,-1.4487337999999998
2024020130,2,False,2024-10-26,FLA,Florida Panthers,NYI,New York Islanders,6,3,FLA,Florida Panthers,8481519,Spencer Knight,60:0,-0.0249999999999999,-0.1913449999999999
2024020131,2,False,2024-10-26,CBJ,Columbus Blue Jackets,NSH,Nashville Predators,3,4,NSH,Nashville Predators,8475809,Scott Wedgewood,61:43,-0.863,-0.9571094
2024020131,2,False,2024-10-26,CBJ,Columbus Blue Jackets,NSH,Nashville Predators,3,4,CBJ,Columbus Blue Jackets,8480193,Daniil Tarasov,61:7,-0.3439999999999998,-0.4828471999999999
2024020132,2,False,2024-10-26,CHI,Chicago Blackhawks,DAL,Dallas Stars,2,4,DAL,Dallas Stars,8479979,Jake Oettinger,59:55,0.914,0.6667132000000001
2024020132,2,False,2024-10-26,CHI,Chicago Blackhawks,DAL,Dallas Stars,2,4,CHI,Chicago Blackhawks,8475852,Petr Mrazek,58:23,0.8069999999999999,0.5689365999999999
2024020133,2,False,2024-10-26,PIT,Pittsburgh Penguins,VAN,Vancouver Canucks,3,4,VAN,Vancouver Canucks,8480947,Kevin Lankinen,60:0,-1.569,-1.6022522
2024020133,2,False,2024-10-26,PIT,Pittsburgh Penguins,VAN,Vancouver Canucks,3,4,PIT,Pittsburgh Penguins,8477968,Alex Nedeljkovic,58:20,-0.7370000000000001,-0.8419706
2024020134,2,False,2024-10-26,SJS,San Jose Sharks,VGK,Vegas Golden Knights,3,7,VGK,Vegas Golden Knights,8478492,Ilya Samsonov,60:0,0.0129999999999999,-0.1566206000000001
2024020134,2,False,2024-10-26,SJS,San Jose Sharks,VGK,Vegas Golden Knights,3,7,SJS,San Jose Sharks,8477970,Vitek Vanecek,60:0,-3.571,-3.4316798
2024020135,2,False,2024-10-26,CAR,Carolina Hurricanes,SEA,Seattle Kraken,4,1,SEA,Seattle Kraken,8478916,Joey Daccord,59:11,0.8900000000000001,0.6447820000000001
2024020135,2,False,2024-10-26,CAR,Carolina Hurricanes,SEA,Seattle Kraken,4,1,CAR,Carolina Hurricanes,8475883,Frederik Andersen,60:0,1.019,0.7626622000000001
2024020136,2,False,2024-10-27,EDM,Edmonton Oilers,DET,Detroit Red Wings,3,2,DET,Detroit Red Wings,8475660,Cam Talbot,60:18,-0.6440000000000001,-0.7569872000000001
2024020136,2,False,2024-10-27,EDM,Edmonton Oilers,DET,Detroit Red Wings,3,2,EDM,Edmonton Oilers,8475717,Calvin Pickard,60:14,1.1760000000000002,0.9061288000000002
2024020137,2,False,2024-10-27,ANA,Anaheim Ducks,NJD,New Jersey Devils,2,6,NJD,New Jersey Devils,8474593,Jacob Markstrom,59:24,-0.579,-0.6975901999999999
2024020137,2,False,2024-10-27,ANA,Anaheim Ducks,NJD,New Jersey Devils,2,6,ANA,Anaheim Ducks,8473503,James Reimer,60:0,-2.371,-2.3351198
2024020138,2,False,2024-10-27,MTL,Montréal Canadiens,PHI,Philadelphia Flyers,4,3,PHI,Philadelphia Flyers,8482783,Aleksei Kolosov,58:10,-1.38,-1.429544
2024020138,2,False,2024-10-27,MTL,Montréal Canadiens,PHI,Philadelphia Flyers,4,3,MTL,Montréal Canadiens,8480051,Cayden Primeau,60:0,-0.2320000000000002,-0.3805016000000002
2024020139,2,False,2024-10-27,OTT,Ottawa Senators,COL,Colorado Avalanche,4,5,COL,Colorado Avalanche,8481020,Justus Annunen,59:34,-0.976,-1.0603688
2024020139,2,False,2024-10-27,OTT,Ottawa Senators,COL,Colorado Avalanche,4,5,OTT,Ottawa Senators,8476341,Anton Forsberg,53:8,-0.9209999999999998,-1.0101097999999995
2024020139,2,False,2024-10-27,OTT,Ottawa Senators,COL,Colorado Avalanche,4,5,OTT,Ottawa Senators,8476999,Linus Ullmark,4:46,0.539,0.3240381999999999
2024020140,2,False,2024-10-28,FLA,Florida Panthers,BUF,Buffalo Sabres,5,2,BUF,Buffalo Sabres,8480045,Ukko-Pekka Luukkonen,58:10,-1.0299999999999998,-1.109714
2024020140,2,False,2024-10-28,FLA,Florida Panthers,BUF,Buffalo Sabres,5,2,FLA,Florida Panthers,8475683,Sergei Bobrovsky,60:0,-0.0969999999999999,-0.2571386
2024020142,2,False,2024-10-28,EDM,Edmonton Oilers,CBJ,Columbus Blue Jackets,1,6,CBJ,Columbus Blue Jackets,8478007,Elvis Merzlikins,60:0,1.2679999999999998,0.9901983999999998
2024020142,2,False,2024-10-28,EDM,Edmonton Oilers,CBJ,Columbus Blue Jackets,1,6,EDM,Edmonton Oilers,8479973,Stuart Skinner,60:0,-3.476,-3.3448687999999995
2024020141,2,False,2024-10-28,NSH,Nashville Predators,TBL,Tampa Bay Lightning,2,3,TBL,Tampa Bay Lightning,8476883,Andrei Vasilevskiy,63:22,0.5630000000000002,0.3459694000000001
2024020141,2,False,2024-10-28,NSH,Nashville Predators,TBL,Tampa Bay Lightning,2,3,NSH,Nashville Predators,8477424,Juuse Saros,63:22,0.7930000000000001,0.5561434000000001
2024020143,2,False,2024-10-28,TOR,Toronto Maple Leafs,WPG,Winnipeg Jets,6,4,WPG,Winnipeg Jets,8476945,Connor Hellebuyck,59:21,-1.6960000000000002,-1.7183048
2024020143,2,False,2024-10-28,TOR,Toronto Maple Leafs,WPG,Winnipeg Jets,6,4,TOR,Toronto Maple Leafs,8476932,Anthony Stolarz,60:0,-2.221,-2.1980498
2024020144,2,False,2024-10-28,CHI,Chicago Blackhawks,COL,Colorado Avalanche,5,2,COL,Colorado Avalanche,8480382,Alexandar Georgiev,58:7,-0.3620000000000001,-0.4992956
2024020144,2,False,2024-10-28,CHI,Chicago Blackhawks,COL,Colorado Avalanche,5,2,CHI,Chicago Blackhawks,8475852,Petr Mrazek,60:0,0.5089999999999999,0.2966241999999999
2024020145,2,False,2024-10-28,SJS,San Jose Sharks,UTA,Arizona Coyotes,5,4,UTA,Arizona Coyotes,8478971,Connor Ingram,61:26,-1.335,-1.388423
2024020145,2,False,2024-10-28,SJS,San Jose Sharks,UTA,Arizona Coyotes,5,4,SJS,San Jose Sharks,8478406,Mackenzie Blackwood,60:45,-1.6949999999999998,-1.717391
2024020146,2,False,2024-10-28,CAR,Carolina Hurricanes,VAN,Vancouver Canucks,4,3,VAN,Vancouver Canucks,8480947,Kevin Lankinen,60:19,-1.255,-1.315319
2024020146,2,False,2024-10-28,CAR,Carolina Hurricanes,VAN,Vancouver Canucks,4,3,CAR,Carolina Hurricanes,8481611,Pyotr Kochetkov,60:42,-0.573,-0.6921073999999999
2024020147,2,False,2024-10-28,CGY,Calgary Flames,VGK,Vegas Golden Knights,0,5,VGK,Vegas Golden Knights,8478499,Adin Hill,60:0,1.154,0.8860251999999998
2024020147,2,False,2024-10-28,CGY,Calgary Flames,VGK,Vegas Golden Knights,0,5,CGY,Calgary Flames,8478435,Dan Vladar,60:0,-2.159,-2.1413942
2024020148,2,False,2024-10-29,PHI,Philadelphia Flyers,BOS,Boston Bruins,2,0,BOS,Boston Bruins,8476914,Joonas Korpisalo,58:24,0.908,0.6612303999999999
2024020148,2,False,2024-10-29,PHI,Philadelphia Flyers,BOS,Boston Bruins,2,0,PHI,Philadelphia Flyers,8481035,Samuel Ersson,60:0,3.231,2.7839878
2024020149,2,False,2024-10-29,SEA,Seattle Kraken,MTL,Montréal Canadiens,8,2,MTL,Montréal Canadiens,8480051,Cayden Primeau,37:23,-0.3229999999999999,-0.4636574
2024020149,2,False,2024-10-29,SEA,Seattle Kraken,MTL,Montréal Canadiens,8,2,MTL,Montréal Canadiens,8478470,Sam Montembeault,21:0,-3.083,-2.9857454
2024020149,2,False,2024-10-29,SEA,Seattle Kraken,MTL,Montréal Canadiens,8,2,SEA,Seattle Kraken,8478916,Joey Daccord,59:40,2.7910000000000004,2.3819158
2024020150,2,False,2024-10-29,STL,St. Louis Blues,OTT,Ottawa Senators,1,8,OTT,Ottawa Senators,8476999,Linus Ullmark,60:0,0.585,0.366073
2024020150,2,False,2024-10-29,STL,St. Louis Blues,OTT,Ottawa Senators,1,8,STL,St. Louis Blues,8480981,Joel Hofer,31:8,-3.89,-3.723182
2024020150,2,False,2024-10-29,STL,St. Louis Blues,OTT,Ottawa Senators,1,8,STL,St. Louis Blues,8476412,Jordan Binnington,28:41,-1.216,-1.2796808
2024020152,2,False,2024-10-29,ANA,Anaheim Ducks,NYI,New York Islanders,3,1,NYI,New York Islanders,8478009,Ilya Sorokin,59:5,0.8809999999999998,0.6365577999999997
2024020152,2,False,2024-10-29,ANA,Anaheim Ducks,NYI,New York Islanders,3,1,ANA,Anaheim Ducks,8480843,Lukas Dostal,60:0,3.069,2.6359522
2024020153,2,False,2024-10-29,MIN,Minnesota Wild,PIT,Pittsburgh Penguins,5,3,PIT,Pittsburgh Penguins,8482446,Joel Blomqvist,58:49,-1.516,-1.5538208
2024020153,2,False,2024-10-29,MIN,Minnesota Wild,PIT,Pittsburgh Penguins,5,3,MIN,Minnesota Wild,8470594,Marc-Andre Fleury,59:59,-0.7309999999999999,-0.8364877999999998
2024020151,2,False,2024-10-29,NYR,New York Rangers,WSH,Washington Capitals,3,5,WSH,Washington Capitals,8480313,Logan Thompson,60:0,-0.3849999999999998,-0.5203129999999998
2024020151,2,False,2024-10-29,NYR,New York Rangers,WSH,Washington Capitals,3,5,NYR,New York Rangers,8478048,Igor Shesterkin,58:54,3.393,2.9320234
2024020154,2,False,2024-10-29,LAK,Los Angeles Kings,SJS,San Jose Sharks,2,4,SJS,San Jose Sharks,8477970,Vitek Vanecek,59:8,0.7669999999999999,0.5323845999999999
2024020154,2,False,2024-10-29,LAK,Los Angeles Kings,SJS,San Jose Sharks,2,4,LAK,Los Angeles Kings,8479496,David Rittich,58:8,-0.879,-0.9717302
2024020155,2,False,2024-10-30,NYI,New York Islanders,CBJ,Columbus Blue Jackets,0,2,CBJ,Columbus Blue Jackets,8478007,Elvis Merzlikins,60:0,3.084,2.6496592
2024020155,2,False,2024-10-30,NYI,New York Islanders,CBJ,Columbus Blue Jackets,0,2,NYI,New York Islanders,8473575,Semyon Varlamov,57:23,1.177,0.9070426
2024020156,2,False,2024-10-30,WPG,Winnipeg Jets,DET,Detroit Red Wings,6,2,DET,Detroit Red Wings,8479312,Alex Lyon,60:0,-3.114,-3.0140731999999995
2024020156,2,False,2024-10-30,WPG,Winnipeg Jets,DET,Detroit Red Wings,6,2,WPG,Winnipeg Jets,8476945,Connor Hellebuyck,60:0,-0.3740000000000001,-0.5102612000000001
2024020157,2,False,2024-10-30,TBL,Tampa Bay Lightning,COL,Colorado Avalanche,5,2,COL,Colorado Avalanche,8478039,Kaapo Kahkonen,58:16,-2.144,-2.1276872
2024020157,2,False,2024-10-30,TBL,Tampa Bay Lightning,COL,Colorado Avalanche,5,2,TBL,Tampa Bay Lightning,8476883,Andrei Vasilevskiy,60:0,2.359,1.9871542
2024020158,2,False,2024-10-30,CGY,Calgary Flames,UTA,Arizona Coyotes,1,5,UTA,Arizona Coyotes,8478971,Connor Ingram,60:0,0.766,0.5314708
2024020158,2,False,2024-10-30,CGY,Calgary Flames,UTA,Arizona Coyotes,1,5,CGY,Calgary Flames,8481692,Dustin Wolf,60:0,-1.364,-1.4149231999999998
2024020160,2,False,2024-10-30,VGK,Vegas Golden Knights,LAK,Los Angeles Kings,3,6,LAK,Los Angeles Kings,8475311,Darcy Kuemper,60:0,-0.1659999999999999,-0.3201907999999999
2024020160,2,False,2024-10-30,VGK,Vegas Golden Knights,LAK,Los Angeles Kings,3,6,VGK,Vegas Golden Knights,8478492,Ilya Samsonov,60:0,-3.663,-3.5157494
2024020159,2,False,2024-10-30,NJD,New Jersey Devils,VAN,Vancouver Canucks,6,0,VAN,Vancouver Canucks,8481668,Arturs Silovs,59:58,-2.646,-2.5864148
2024020159,2,False,2024-10-30,NJD,New Jersey Devils,VAN,Vancouver Canucks,6,0,NJD,New Jersey Devils,8474593,Jacob Markstrom,59:35,2.064,1.7175831999999998
2024020161,2,False,2024-10-31,SEA,Seattle Kraken,TOR,Toronto Maple Leafs,1,4,TOR,Toronto Maple Leafs,8479361,Joseph Woll,59:42,0.391,0.1887957999999999
2024020161,2,False,2024-10-31,SEA,Seattle Kraken,TOR,Toronto Maple Leafs,1,4,SEA,Seattle Kraken,8478916,Joey Daccord,56:27,-0.734,-0.8392291999999999
2024020162,2,False,2024-10-31,STL,St. Louis Blues,PHI,Philadelphia Flyers,1,2,PHI,Philadelphia Flyers,8481035,Samuel Ersson,59:53,0.972,0.7197136
2024020162,2,False,2024-10-31,STL,St. Louis Blues,PHI,Philadelphia Flyers,1,2,STL,St. Louis Blues,8476412,Jordan Binnington,57:36,-0.2509999999999999,-0.3978637999999999
2024020163,2,False,2024-10-31,ANA,Anaheim Ducks,PIT,Pittsburgh Penguins,1,2,PIT,Pittsburgh Penguins,8477968,Alex Nedeljkovic,62:35,1.048,0.7891624
2024020163,2,False,2024-10-31,ANA,Anaheim Ducks,PIT,Pittsburgh Penguins,1,2,ANA,Anaheim Ducks,8480843,Lukas Dostal,62:35,2.87,2.454106
2024020164,2,False,2024-10-31,MTL,Montréal Canadiens,WSH,Washington Capitals,3,6,WSH,Washington Capitals,8479292,Charlie Lindgren,59:46,-1.657,-1.6826666
2024020164,2,False,2024-10-31,MTL,Montréal Canadiens,WSH,Washington Capitals,3,6,MTL,Montréal Canadiens,8480051,Cayden Primeau,60:0,-0.5410000000000004,-0.6628658000000003
2024020165,2,False,2024-10-31,BOS,Boston Bruins,CAR,Carolina Hurricanes,2,8,CAR,Carolina Hurricanes,8481611,Pyotr Kochetkov,59:53,0.4670000000000001,0.2582446
2024020165,2,False,2024-10-31,BOS,Boston Bruins,CAR,Carolina Hurricanes,2,8,BOS,Boston Bruins,8480280,Jeremy Swayman,29:32,-3.55,-3.41249
2024020165,2,False,2024-10-31,BOS,Boston Bruins,CAR,Carolina Hurricanes,2,8,BOS,Boston Bruins,8476914,Joonas Korpisalo,30:28,-0.7829999999999999,-0.8840053999999998
2024020166,2,False,2024-10-31,EDM,Edmonton Oilers,NSH,Nashville Predators,5,1,NSH,Nashville Predators,8477424,Juuse Saros,59:56,-2.771,-2.7006398
2024020166,2,False,2024-10-31,EDM,Edmonton Oilers,NSH,Nashville Predators,5,1,EDM,Edmonton Oilers,8475717,Calvin Pickard,60:0,1.1720000000000002,0.9024736
2024020167,2,False,2024-10-31,CHI,Chicago Blackhawks,SJS,San Jose Sharks,2,3,SJS,San Jose Sharks,8478406,Mackenzie Blackwood,60:0,0.4289999999999998,0.2235201999999998
2024020167,2,False,2024-10-31,CHI,Chicago Blackhawks,SJS,San Jose Sharks,2,3,CHI,Chicago Blackhawks,8475852,Petr Mrazek,58:41,-0.6349999999999998,-0.7487629999999997
2024020168,2,True,2024-11-01,FLA,Florida Panthers,DAL,Dallas Stars,6,4,DAL,Dallas Stars,8479979,Jake Oettinger,60:0,-4.019,-3.8410622
2024020168,2,True,2024-11-01,FLA,Florida Panthers,DAL,Dallas Stars,6,4,FLA,Florida Panthers,8475683,Sergei Bobrovsky,60:0,0.2489999999999996,0.0590361999999996
2024020169,2,False,2024-11-01,NYI,New York Islanders,BUF,Buffalo Sabres,4,3,BUF,Buffalo Sabres,8482221,Devon Levi,56:6,-1.2799999999999998,-1.338164
2024020169,2,False,2024-11-01,NYI,New York Islanders,BUF,Buffalo Sabres,4,3,NYI,New York Islanders,8478009,Ilya Sorokin,60:0,0.5819999999999999,0.3633315999999998
2024020170,2,False,2024-11-01,OTT,Ottawa Senators,NYR,New York Rangers,1,2,NYR,New York Rangers,8478048,Igor Shesterkin,60:0,1.697,1.3822186
2024020170,2,False,2024-11-01,OTT,Ottawa Senators,NYR,New York Rangers,1,2,OTT,Ottawa Senators,8476999,Linus Ullmark,58:33,-0.4159999999999999,-0.5486407999999999
2024020171,2,False,2024-11-01,WPG,Winnipeg Jets,CBJ,Columbus Blue Jackets,6,2,CBJ,Columbus Blue Jackets,8478007,Elvis Merzlikins,59:38,-1.527,-1.5638726
2024020171,2,False,2024-11-01,WPG,Winnipeg Jets,CBJ,Columbus Blue Jackets,6,2,WPG,Winnipeg Jets,8477480,Eric Comrie,60:0,-0.714,-0.8209531999999999
2024020172,2,False,2024-11-01,TBL,Tampa Bay Lightning,MIN,Minnesota Wild,3,5,MIN,Minnesota Wild,8479406,Filip Gustavsson,60:0,-0.213,-0.3631394000000001
2024020172,2,False,2024-11-01,TBL,Tampa Bay Lightning,MIN,Minnesota Wild,3,5,TBL,Tampa Bay Lightning,8476883,Andrei Vasilevskiy,57:3,-0.1709999999999998,-0.3247597999999998
2024020173,2,False,2024-11-01,NJD,New Jersey Devils,CGY,Calgary Flames,0,3,CGY,Calgary Flames,8478435,Dan Vladar,59:59,1.663,1.3511494
2024020173,2,False,2024-11-01,NJD,New Jersey Devils,CGY,Calgary Flames,0,3,NJD,New Jersey Devils,8474593,Jacob Markstrom,58:24,-0.1169999999999999,-0.2754146
2024020174,2,True,2024-11-02,DAL,Dallas Stars,FLA,Florida Panthers,2,4,FLA,Florida Panthers,8481519,Spencer Knight,59:34,0.427,0.2216926
2024020174,2,True,2024-11-02,DAL,Dallas Stars,FLA,Florida Panthers,2,4,DAL,Dallas Stars,8479193,Casey DeSmith,59:19,-0.823,-0.9205574
2024020175,2,False,2024-11-02,BOS,Boston Bruins,PHI,Philadelphia Flyers,3,0,PHI,Philadelphia Flyers,8481035,Samuel Ersson,7:36,1.069,0.8083522
2024020175,2,False,2024-11-02,BOS,Boston Bruins,PHI,Philadelphia Flyers,3,0,PHI,Philadelphia Flyers,8482783,Aleksei Kolosov,51:25,-0.0289999999999999,-0.1950001999999999
2024020175,2,False,2024-11-02,BOS,Boston Bruins,PHI,Philadelphia Flyers,3,0,BOS,Boston Bruins,8476914,Joonas Korpisalo,59:49,1.556,1.2533728
2024020176,2,False,2024-11-02,CHI,Chicago Blackhawks,LAK,Los Angeles Kings,4,3,LAK,Los Angeles Kings,8475311,Darcy Kuemper,63:30,-1.065,-1.141697
2024020176,2,False,2024-11-02,CHI,Chicago Blackhawks,LAK,Los Angeles Kings,4,3,CHI,Chicago Blackhawks,8475852,Petr Mrazek,63:28,0.1960000000000001,0.0106048000000001
2024020177,2,False,2024-11-02,CBJ,Columbus Blue Jackets,WSH,Washington Capitals,2,7,WSH,Washington Capitals,8480313,Logan Thompson,60:0,2.146,1.7925147999999995
2024020177,2,False,2024-11-02,CBJ,Columbus Blue Jackets,WSH,Washington Capitals,2,7,CBJ,Columbus Blue Jackets,8480193,Daniil Tarasov,60:0,-4.176,-3.9845288
2024020178,2,False,2024-11-02,SEA,Seattle Kraken,OTT,Ottawa Senators,0,3,OTT,Ottawa Senators,8476341,Anton Forsberg,59:28,1.478,1.1820963999999998
2024020178,2,False,2024-11-02,SEA,Seattle Kraken,OTT,Ottawa Senators,0,3,SEA,Seattle Kraken,8475831,Philipp Grubauer,58:6,0.7069999999999999,0.4775565999999999
2024020179,2,False,2024-11-02,BUF,Buffalo Sabres,DET,Detroit Red Wings,1,2,DET,Detroit Red Wings,8475660,Cam Talbot,60:0,2.195,1.837291
2024020179,2,False,2024-11-02,BUF,Buffalo Sabres,DET,Detroit Red Wings,1,2,BUF,Buffalo Sabres,8480045,Ukko-Pekka Luukkonen,57:20,0.2389999999999998,0.0498981999999998
2024020180,2,False,2024-11-02,MTL,Montréal Canadiens,PIT,Pittsburgh Penguins,1,3,PIT,Pittsburgh Penguins,8477968,Alex Nedeljkovic,60:0,0.877,0.6329026
2024020180,2,False,2024-11-02,MTL,Montréal Canadiens,PIT,Pittsburgh Penguins,1,3,MTL,Montréal Canadiens,8478470,Sam Montembeault,58:15,0.1709999999999998,-0.0122402000000001
2024020181,2,False,2024-11-02,TOR,Toronto Maple Leafs,STL,St. Louis Blues,2,4,STL,St. Louis Blues,8476412,Jordan Binnington,59:39,0.919,0.6712822
2024020181,2,False,2024-11-02,TOR,Toronto Maple Leafs,STL,St. Louis Blues,2,4,TOR,Toronto Maple Leafs,8479361,Joseph Woll,59:4,-1.344,-1.3966472
2024020182,2,False,2024-11-02,COL,Colorado Avalanche,NSH,Nashville Predators,2,5,NSH,Nashville Predators,8477424,Juuse Saros,60:0,2.045,1.7002209999999998
2024020182,2,False,2024-11-02,COL,Colorado Avalanche,NSH,Nashville Predators,2,5,COL,Colorado Avalanche,8481020,Justus Annunen,58:22,-0.1190000000000002,-0.2772422000000002
2024020183,2,False,2024-11-02,UTA,Arizona Coyotes,VGK,Vegas Golden Knights,3,4,VGK,Vegas Golden Knights,8478499,Adin Hill,62:15,0.0179999999999997,-0.1520516000000002
2024020183,2,False,2024-11-02,UTA,Arizona Coyotes,VGK,Vegas Golden Knights,3,4,UTA,Arizona Coyotes,8478971,Connor Ingram,62:15,-0.1009999999999999,-0.2607937999999999
2024020184,2,False,2024-11-02,VAN,Vancouver Canucks,SJS,San Jose Sharks,3,2,SJS,San Jose Sharks,8478406,Mackenzie Blackwood,58:52,-0.6589999999999998,-0.7706941999999998
2024020184,2,False,2024-11-02,VAN,Vancouver Canucks,SJS,San Jose Sharks,3,2,VAN,Vancouver Canucks,8480947,Kevin Lankinen,59:59,0.02,-0.150224
2024020185,2,False,2024-11-03,NYI,New York Islanders,NYR,New York Rangers,2,5,NYR,New York Rangers,8478048,Igor Shesterkin,60:0,1.2349999999999999,0.9600429999999999
2024020185,2,False,2024-11-03,NYI,New York Islanders,NYR,New York Rangers,2,5,NYI,New York Islanders,8478009,Ilya Sorokin,59:31,-0.8940000000000001,-0.9854372
2024020186,2,False,2024-11-03,TBL,Tampa Bay Lightning,WPG,Winnipeg Jets,4,7,WPG,Winnipeg Jets,8476945,Connor Hellebuyck,60:0,-1.346,-1.3984748
2024020186,2,False,2024-11-03,TBL,Tampa Bay Lightning,WPG,Winnipeg Jets,4,7,TBL,Tampa Bay Lightning,8477992,Jonas Johansson,58:6,-2.536,-2.4858968
2024020187,2,False,2024-11-03,SEA,Seattle Kraken,BOS,Boston Bruins,0,2,BOS,Boston Bruins,8480280,Jeremy Swayman,59:37,2.266,1.9021707999999997
2024020187,2,False,2024-11-03,SEA,Seattle Kraken,BOS,Boston Bruins,0,2,SEA,Seattle Kraken,8478916,Joey Daccord,56:31,2.3760000000000003,2.0026888000000005
2024020188,2,False,2024-11-03,WSH,Washington Capitals,CAR,Carolina Hurricanes,2,4,CAR,Carolina Hurricanes,8481611,Pyotr Kochetkov,60:0,1.392,1.1035095999999998
2024020188,2,False,2024-11-03,WSH,Washington Capitals,CAR,Carolina Hurricanes,2,4,WSH,Washington Capitals,8479292,Charlie Lindgren,58:41,0.6890000000000001,0.4611082000000001
2024020189,2,False,2024-11-03,TOR,Toronto Maple Leafs,MIN,Minnesota Wild,1,2,MIN,Minnesota Wild,8479406,Filip Gustavsson,61:50,0.9750000000000001,0.7224550000000001
2024020189,2,False,2024-11-03,TOR,Toronto Maple Leafs,MIN,Minnesota Wild,1,2,TOR,Toronto Maple Leafs,8476932,Anthony Stolarz,62:14,1.2429999999999999,0.9673533999999998
2024020190,2,False,2024-11-03,EDM,Edmonton Oilers,CGY,Calgary Flames,4,2,CGY,Calgary Flames,8478435,Dan Vladar,58:21,-0.07500000000000018,-0.23703500000000016
2024020190,2,False,2024-11-03,EDM,Edmonton Oilers,CGY,Calgary Flames,4,2,EDM,Edmonton Oilers,8479973,Stuart Skinner,60:0,0.9740000000000002,0.7215412000000001
2024020191,2,False,2024-11-03,CHI,Chicago Blackhawks,ANA,Anaheim Ducks,4,2,ANA,Anaheim Ducks,8480843,Lukas Dostal,58:32,-0.6019999999999999,-0.7186075999999998
2024020191,2,False,2024-11-03,CHI,Chicago Blackhawks,ANA,Anaheim Ducks,4,2,CHI,Chicago Blackhawks,8482821,Arvid Soderblom,59:56,3.0860000000000003,2.6514868000000003
